,UpCapture,DownCapture
AXIS_IVW,1.0872060112959572,0.9443219300597789
MCW_Cap40,1.0834418695334516,1.0237375134539002
SOL_Hold,1.6564705220122558,1.0736188192219867
