AXIS_IVW_avg_turnover,MCW_Cap40_avg_turnover
0.09215426518919768,0.04740945656839299
